sorszam;celpont;mozgas;megallt;erkezes_s;indulas_s;szakaszido_s;szakasz_hossz_mm;elteres_mm;felbontas_mm;palya_elteres_mm;dJ1_fok;dJ2_fok;dJ3_fok;dJ4_fok;dJ5_fok;dJ6_fok;dJ7_fok
1;Kiindulas;MoveJ (csukló);igen;0,000;0,012;0,000;0,00;0,0000;0,002;;0,000;0,000;0,000;0,000;0,000;0,000;0,000
2;C1_felett;MoveL (lineáris);nem;0,652;0,652;0,640;110,41;3,9539;0,414;3,225;-4,950;-2,690;0,000;-14,557;2,480;-11,465;-11,527
3;C1;MoveL (lineáris);igen;1,245;1,257;0,592;98,38;0,0001;0,001;3,066;-0,408;15,215;0,000;-0,969;21,653;-7,132;-17,120
4;C1_felett;MoveL (lineáris);nem;1,831;1,831;0,574;97,24;5,3180;0,414;3,574;0,101;-14,814;0,000;1,186;-21,272;7,112;16,616
5;C2_felett;MoveL (lineáris);nem;2,601;2,601;0,770;154,09;5,3180;0,414;3,399;-4,913;17,273;0,000;28,015;6,537;13,806;2,645
6;C2;MoveL (lineáris);igen;3,188;3,200;0,586;97,26;0,0000;0,003;3,536;-0,161;10,758;0,000;0,305;10,226;-6,293;-5,772
7;C2_felett;MoveL (lineáris);nem;3,774;3,774;0,574;97,11;5,3180;0,414;3,481;0,409;-10,571;0,000;0,011;-10,167;6,433;6,142
8;C3_felett;MoveL (lineáris);nem;4,509;4,509;0,735;147,05;5,3180;0,414;3,529;17,013;-8,393;0,000;-14,557;-2,600;-7,050;11,875
9;C3;MoveL (lineáris);igen;5,095;5,107;0,586;97,08;0,0003;0,001;3,406;0,394;12,208;0,000;-0,770;14,528;-6,749;-9,618
10;C3_felett;MoveL (lineáris);nem;5,689;5,689;0,582;98,94;3,4414;0,414;2,928;-0,266;-12,692;0,000;0,473;-14,904;6,776;9,852
11;Kiindulas;MoveL (lineáris);igen;6,214;6,214;0,524;84,80;0,0000;0,002;2,813;-7,216;-6,256;0,000;0,878;-6,437;4,559;-3,117
