sorszam;celpont;mozgas;megallt;erkezes_s;indulas_s;szakaszido_s;szakasz_hossz_mm;elteres_mm;felbontas_mm;palya_elteres_mm;dJ1_fok;dJ2_fok;dJ3_fok;dJ4_fok;dJ5_fok;dJ6_fok
1;Home;MoveJ (csukló);igen;0,000;0,018;0,000;0,00;0,0000;0,011;;0,000;0,000;0,000;0,000;0,000;0,000
2;P1_felett;MoveJ (csukló);igen;1,439;1,464;1,421;187,06;0,0005;0,003;;-16,381;16,335;17,734;0,000;-34,069;-16,381
3;P1;MoveL (lineáris);igen;2,688;2,713;1,225;49,92;0,0005;0,002;0,000;0,000;11,937;-2,994;-0,000;-8,943;0,000
4;P2;MoveL (lineáris);igen;5,934;5,965;3,221;149,93;0,0004;0,002;0,000;5,894;14,287;-35,511;-0,000;21,225;5,894
5;P3;MoveL (lineáris);igen;9,186;9,217;3,221;149,92;0,0000;0,004;0,000;20,972;0,002;-0,004;0,000;0,002;20,972
6;P4;MoveL (lineáris);igen;12,438;12,463;3,221;149,91;0,0004;0,002;0,000;5,896;-14,280;35,500;-0,000;-21,221;5,896
7;P1;MoveL (lineáris);igen;15,684;15,714;3,221;149,93;0,0005;0,002;0,000;-32,765;0,001;-0,004;0,000;0,003;-32,765
8;P1_felett;MoveL (lineáris);igen;16,933;16,952;1,219;49,92;0,0005;0,003;0,000;0,000;-11,936;2,991;-0,000;8,945;0,000
9;Home;MoveJ (csukló);igen;18,372;18,372;1,421;187,09;0,0000;0,011;;16,384;-16,337;-17,736;0,000;34,074;16,384
